asbestos,assass,ppess,assess
deliverer,delig,dallrater,delicate
charter,chart,hatter,charter
punishable,penatable,ppeeiinable,penetrable
dominate,domin,deeminate,dominate
decorous,decross,ddeticious,delicious
lantern,land,aldiness,tardiness
circumlocutory,circummutatton,oonlleatory,circumrotation
chubby,chabb,hhabey,shabby
indolent,indol,nnillet,indolent
literature,leterag,ley,leeway
pebble,pible,able,table
descension,discontinn,dissension,dissension
thirst,thers,runse,these
sublet,sull,sslize,sully
caisson,case,caisen,case
capstone,capttiio,ppttinn,repetition
bribe,brab,bb,drab
otherwise,uth,taa,truth
liebeler,lirerl,llbbler,liebeler
swimmer,shem,ssemmer,shimmer
effrontery,eflrett,ffinnary,effrontery
wonderment,wonden,nnonm,wooden
worker,long,rority,long
rift,rif,rift,rift
fasten,fass,fiin,fain
turtuous,tortio,titious,tuition
maid,mad,madd,maid
country,cont,cort,cost
leeway,leng,llalhy,cleanly
pseudonym,stetemmn,sstnnmoum,statesman
destination,destinttion,ddssitention,destination
magnanimity,magnni,monity,magnify
niche,neg,hitch,hitch
mistrust,mistrrs,mittonus,mistrust
waif,waf,wafl,waft
mechanic,mecaani,mmicane,mechanic
dynamite,denanat,deeiinate,designate
verge,verg,vveage,verge
bear,barr,arn,barn
yacht,wat,ware,wart
bring,brung,bor,bring
awake,aak,aak,ask
manufactory,manefere,niinery,millinery
variform,variiom,vvemism,variform
oppose,opon,pose,pose
wheelhouse,whell,hallous,shallow
obliteration,oblititinn,bibllination,obligation
dairy,darr,deery,deer
triplication,triplication,eeplication,triplication
rebellious,rebulss,erublous,nebulous
mud,mot,mord,moth
tactility,tactll,ttality,tactility
ill,el,ell,elm
sphere,sper,ffer,seer
retraction,retractio,prrtraction,retraction
perpendicular,perpendent,plgent,dependent
narcissus,narss,aotacious,voracious
propagate,propan,progate,probate
railroad,rorr,ror,roar
picturesque,pecturtio,ppococoric,plutocratic
choke,chak,ook,cook
changeable,changabble,shichable,changeable
resemblance,resemmlnn,nneelance,resemblance
homeopathy,homip,ppetty,pretty
virtuality,verttll,verality,veracity
termination,termintion,tteeimination,termination
lion,lin,laae,line
unpaid,inpadd,iipid,unpaid
credulity,credili,nnordarity,cordiality
parson,persin,poison,poison
intrusive,intrrsveve,nnvevvive,intrusive
zephyrus,sefern,shaerous,slanderous
usurp,usees,sneeable,untenable
uncontradicted,uncorgregeataaee,nnreede,uncontrovertible
sombrero,somber,ssnmmbbery,snobbery
staidness,stan,ssidion,station
trombone,tromb,ttrrobless,troublous
revival,revelit,reevivity,revivify
conquerable,concuabbe,ocuble,consumable
assignability,assambblityy,nnibility,amiability
grope,gro,rap,grope
treasonable,treesaabbee,sseeshable,treasonable
nondescript,nondicion,nndicator,indicator
projectile,prevectibil,rrgectical,practical
versed,vest,vent,vent
sailboat,salbb,salabit,sailboat
populace,popll,ppllie,poplin
refinement,refammn,eemmnn,seaman
ventricle,ventrall,vvinnical,ventricle
benefactress,beneficto,osttious,ostentatious
impassive,impastive,mpive,impassive
hair,har,hare,hare
waylay,wall,alle,wall
bounce,bunn,bance,bunch
cuff,cof,cofe,core
nominate,nomint,nniminate,nominate
forceps,fors,oeiiss,foremost
claim,clan,lly,clay
mystify,mastif,mmstify,mystify
mirthless,merl,mmrral,mural
mercantile,mernnt,mlutt,merit
tolerableness,toleree,ttnnabblness,tolerableness
melody,meled,mllidy,melody
wedded,wide,ided,wide
acquittal,acuusittl,aicital,acquittal
after,afe,ouf,safe
whiskers,whess,hhcross,whereas
perceptory,perseptin,pprssiotory,perceptory
uncle,ungl,nnll,uncle
sacramental,sacraman,ssmmnnat,sacrament
talon,tal,alle,tall
radiant,radd,rant,rant
acidity,aredde,seidy,steady
pandemonium,pantimm,pamnnins,plaintive
transept,transp,iipple,transpose
liable,libb,ale,liable
duress,desrrs,ddesrest,desert
sponginess,spong,niinness,sponginess
sesame,sam,pmmy,clammy
lusterless,lustll,eeicttral,electoral
templar,temple,impeey,temple
marketable,merabb,mmable,memorable
grain,gran,rran,grain
builder,bolnd,lolder,solder
retail,retar,atter,attar
handicraft,handiccff,maahfaet,handicraft
philosophy,cheloos,hollogy,theology
cunning,conn,conning,cunning
circus,circuss,ss,circus
commemoration,commensaration,oonmmination,commensuration
dote,dot,dutt,dote
columnar,collnn,llara,collar
quoit,quar,curt,quart
lawful,larg,llhful,lawful
syncopate,sincopi,cpoppy,canopy
cluck,clok,louk,clock
infer,infern,nffrr,infer
decapitate,decapa,nip,nip
vitrifiable,vitricibitity,ifieeirable,irreparability
girt,gar,gurt,girt
folly,fol,olly,folly
compound,compenn,ompon,company
carelessness,calen,lon,talon
hiatus,hittos,satious,piteous
inapplicable,inappeaablle,iipllane,inapplicable
swallow,swoll,llow,swallow
metaphysical,meteppacaaiie,iishectical,mathematician
pacifier,passaaee,pasherier,passenger
purportless,perpor,pporal,purport
giddy,gad,galdy,gaudy
ceremony,sermnn,mmnny,sermon
vegetarian,vegetate,iittne,vegetate
meditate,medicto,mdidate,medicate
cower,car,caar,car
cheater,chett,harter,charter
quicksand,quackk,cossiicant,communicant
mend,mand,mand,mend
princely,princ,pprancy,prince
wrinkle,wrang,rinkle,wrinkle
yearn,yar,arn,yarm
irrigation,irregatit,rregigation,irrigation
loose,los,alious,callous
shackle,shank,single,shingle
dapple,dap,diaple,drape
lull,lol,lell,lull
monday,mon,miman,moan
incorrect,incorr,incer,incur
constitute,constintt,onnest,continent
trustee,trust,trunsy,trust
begrudge,begrag,bonage,bondage
calefacient,caliciioo,lliit,solicitor
redistribution,redimatatition,rreetitibition,redistribution
ejaculation,evicitition,iiculation,felicitation
contractible,contractibllty,onnostiicible,contractibility
surface,serfen,fise,siren
pall,pol,poll,poll
biology,beolog,olay,biology
serene,sere,hhrrees,whereas
government,gover,coee,cover
dull,dol,dssll,droll
perforation,perfersion,pporation,perforation
pod,pod,pad,pod
graze,gras,ggrase,grass
vulnerability,voltibabiity,vllaiibility,malliability
misfit,misfen,nnssessiieet,assessment
antepaschal,antepotatal,atpopic,antipodal
mortuary,mortrr,motary,mortar
pessimism,pessomm,pomonism,pessimism
antimonial,monn,mnor,moor
dig,deg,gae,gage
indenture,indent,nnentor,inventor
scan,scan,ssan,scan
testatrix,testiriio,ttriss,testifier
eccentricity,estraniio,iniiciticity,intractability
unauthorized,unerthaa,nntrorize,unauthorized
custody,costird,cocundity,continuity
pull,pol,pall,pall
singly,sing,onnly,singly
outline,outle,alalinn,outline
competency,compentan,compptency,competency
determination,ierenmanatioo,eemnnation,determination
belittle,belet,bllt,belt
fled,fle,lid,fled
christlike,chaagg,callila,challis
inspiration,instrattion,nnssrration,instruction
penetentiary,penetantt,ppredentiol,penetential
machination,maccanitiio,mmnnshon,machination
lamb,lam,lmm,lamb
rupee,rep,ropy,rope
malediction,malitioo,mllitation,meditation
pertain,perten,pettnn,pertain
annihilate,annl,nnilate,annihilate
deep,dep,dap,dip
abysmal,abonm,pponal,pronomial
interestedness,intermett,nnttins,interment
subtility,statilit,stality,stability
traitorous,treatio,ttoious,traitorous
indignent,inden,iidiigent,indignent
tyrannical,teranna,attrical,terminal
neighbor,naggrr,aibber,nailer
gruff,grof,grofl,growl
divider,diven,deider,divider
intensity,intens,innisteity,insistent
conservative,conservativiv,onnsfective,conservative
conjugate,congagat,jaigate,conjugate
wend,win,cant,want
carpenter,corpent,ponder,ponder
gypsy,gas,ojsy,gasp
counselor,councell,nouclor,councilor
heat,ee,hat,heat
infrequent,infrecten,nnlect,inflect
artesian,artisi,titish,artist
smudge,sumg,mmage,rummage
visor,ves,vvesser,vessel
untransferable,untranseaabble,nnierrer,untransferable
thanksgiving,trangagt,nogrogy,transgress
dawdle,dardl,ddll,dawdle
tassel,tas,sspll,stall
accession,accessin,nss,accession
elucidation,elecititon,peeicdication,felicitation
germ,ger,jam,germ
fantastical,fanticiill,faitical,fanatical
translation,translatton,nssllation,translation
sterilize,sterill,sstteralize,sterilize
corps,cor,cour,scour
peer,perr,par,pear
drone,dren,drrin,drain
abhorrent,aboon,abotare,aboard
cabinet,cab,able,cable
conferee,conf,nninner,confer
astrography,astraga,torography,astrography
hot,hod,ort,hot
crust,crust,coust,crust
fissure,fiss,fisse,fissure
partridge,partagg,pootage,portage
inveigle,ieven,nnienelt,inrement
cayenne,can,atin,satin
truant,tronn,ttrocount,pronoun
husband,husp,oop,hoop
cynic,sinn,ssnik,sink
moccasin,moncinn,mmskiness,smokiness
manifold,mangll,mmipfeel,impanel
feud,fedd,ord,ford
chirographer,chrrogrpp,cographer,chirographer
rudder,rodd,corder,fodder
bagan,begon,bigin,begin
piteous,petio,potss,potion
cartridge,cartaag,caarirage,carriage
shore,shor,coar,soar
pewter,bett,patter,patter
knit,net,nit,net
wig,wag,ag,wag
resist,resiss,rese,resist
expensive,exeentee,ppessive,expensive
almanac,olinn,mmaie,moralize
smartness,sman,ssertiness,smartness
bereft,berisf,haft,sheriff
incautious,incuastio,nntious,incautious
shine,sien,saae,siren
joyful,jose,oive,poise
congeniality,conventalittl,coovintality,conventioality
foremost,form,ooroow,sorrow
tractability,tractabilityy,tteessability,tractability
ministry,minstt,msmintory,ministry
bat,bat,pat,bat
window,wind,unner,winner
opaque,opan,pace,pace
impossibility,impossibilityy,iimepsessibility,impossibility
diagnose,diagnn,dgance,diagnose
flute,flo,flut,flout
profitable,provisiiv,prorfage,provision
undersized,undersedt,ieesshodd,undersized
garish,gariss,grish,garish
omnipresence,omipprrssin,mmppeenrance,nonappearance
adorable,aderabl,derable,adorable
masculinity,mascamatiio,mmssicant,mastication
corespondent,corrspentant,ocllent,corespondent
lash,lath,ation,latin
parish,parisi,ppation,apparition
relate,reli,rrlly,rely
unsettled,inselel,nntteal,interval
disguise,digaiss,inticize,indicative
stocking,stonk,sting,sting
assassination,assessiio,pasmination,assassination
really,regl,rrae,real
undisturbed,undessabblee,iisdoaed,indissoluble
syllogism,selvann,sllelent,solvent
freshen,fress,frrisen,freshen
sectarianism,sectrninim,nnteenism,sectarianism
trill,tril,rall,trill
moralize,morill,noralize,moralize
paramount,param,man,pagan
suitor,subter,ssuttor,stutter
ferrule,fern,frrill,ferrule
insignia,insinn,nnta,insignia
dirtiness,dirttnn,rrtiness,dirtiness
stratagem,stradigan,sstteement,statement
fineness,fin,ffarrien,fin
idle,ede,ddll,idle
architectual,acteniaall,acacaticcality,academically
dissemble,dissabb,dissmmble,dissemble
upside,upea,pssie,upheave
slowness,slen,llness,slyness
trickle,trackl,trruckle,trickle
distasteful,distirtivv,discestive,distinctive
theorize,thero,torize,theorize
incline,inlle,aer,angler
perishable,perishbbee,peeiage,perishable
alienate,alenn,llinate,alienate
deport,depon,dipper,dipper
loaf,los,lul,lull
spiritualism,spernnii,pprrolalism,spiritualism
conducive,condictvve,nuntive,conductive
raze,ras,rase,rasp
promotion,promuntio,ppemmnnation,predomination
electrum,elentenm,llaeeital,elemental
valetudinarian,valederiit,vvllirate,illiterate
possessor,possi,posrestor,possessor
betrayal,batraal,ottral,betrayal
flour,floe,ller,floe
surveillant,surverall,villant,surveillant
context,contiss,contest,contest
monotonous,montt,motinious,momentous
network,netron,attoic,patron
searcher,sergg,sher,serge
bunk,bunk,bunk,bunk
tuition,testi,tish,test
history,hister,sstrry,sister
brutal,bruttll,bbrreless,breathless
faithful,fartff,fartful,artful
aunt,aan,ant,aunt
he,ee,ar,ear
dismay,dism,momma,dismay
caparison,caparnn,ppaisis,caparison
phrenology,phenngg,rology,phrenology
babyhood,babhao,boped,babyhood
amanuensis,aminn,nnencs,imminence
slaughter,slout,slltter,blotter
oddness,ordn,orddos,ordain
cold,col,hold,cold
discompose,discompent,iisipponae,discompose
sheer,sher,hher,sheer
condensable,contentabble,contentable,contestable
relic,relick,ellclic,relic
squabble,stuabbl,ssurable,squabble
legislator,legeret,llugiratoy,legislator
plaid,plan,lat,plan
pyrotechnics,pereticg,ppotticie,apprentice
story,strrn,tarry,tarry
mild,mil,mmald,mild
likable,liaable,lliable,liable
instruction,instruction,nntriction,instruction
postmortem,postmm,ppemitane,oppositive
jealousy,jell,llielly,jelly
brace,break,brase,break
diction,dection,ddiction,diction
boarder,bord,barder,border
sanctity,sanchtr,aatrrly,sanatory
agricultural,agracipll,aeeccocal,anarchical
defunct,defene,ddfifiice,definite
mayor,mar,mor,mar
cleanliness,clenn,llnness,cleanness
ungrateful,ungratif,nnrrartful,ungrateful
absolution,abllitton,ballization,palliation
deviate,daver,ddvate,debater
boric,borrn,brrnik,boric
platitude,platt,lltitute,platitude
interval,interv,nnvity,invite
disbelief,disble,ibbpy,disable
hillside,helit,slitide,solitude
busily,busul,buse,bushel
guise,gas,gase,gas
aromatic,arromatt,arromatic,aromatic
apostate,apont,papttate,apostate
seek,see,sack,seek
predestination,predestto,ppeendintion,predestination
selfcontrol,serfunn,nocality,sodality
henious,henss,oous,henious
amuse,amiss,mmous,amiss
wasteful,wastff,wastifl,mastiff
death,det,dae,duet
furnace,forne,rnnse,furnace
solidify,solidi,llative,volitive
toughen,torg,taifen,target
characterization,carriccppipii,cacnsttation,calorification
crown,corn,orn,corn
mettlesome,meteoli,maeelalism,materializm
craziness,crasin,assen,raisin
affiliation,affllctton,faffitation,affliction
standard,stand,ssckard,stand
goodby,gom,bar,bar
extra,es,ouse,ease
immateriality,immartaailityy,mmlalty,immortality
cherub,cherbb++wk,hrrb,herb
justifier,jostiffe,junverier,justifier
contrite,contrate,nnttit,contrite
unaffected,uneffert,nntiched,unaffected
cobble,cob,culb,curb
subserve,subvettee,serve,subserve
suppliance,supplimatt,ppllance,suppliance
adventurer,adeenten,vnventor,inventor
occultation,occlmttion,llnnthon,occultation
banal,bann,banll,banal
horrible,heribb,rub,cherub
black,black,lukk,black
vixen,venn,sin,vine
faultless,falt,frtell,fell
childish,chellisi,callnnshop,chaplainship
incursion,inerastiin,mension,immersion
blot,bloo,llot,blot
lower,lon,lae,lone
appendicitis,appentint,ppndinie,apprentice
orderable,ordibbl,rdable,orderable
faction,fictio,fection,fiction
voltmeter,volun,llmater,volunteer
skittish,scattisi,sstisiop,statistics
ask,ec,sock,stock
too,to,oe,toe
fraternity,frattin,frriant,frantic
twinge,twang,tinge,twinge
harbinger,hrrgan,rraoger,charger
avarice,averi,vagriss,avarice
imperfection,imprrventinn,mmppiptiol,imperfection
ripeness,rap,apress,repress
notion,not,insion,notion
nip,nip,ap,nip
quaver,quave,caver,quaver
king,kin,cing,king
shunt,shund,hunt,shunt
obesity,obeete,osbisity,obesity
attribute,atrrbbyy,ttable,alterable
rheumatism,reaattm,rrmnmitute,recapitulate
corrigible,corragale,ccorrage,corrugate
showy,sher,hae,sheer
complexness,complesen,mpplnees,complement
sunburn,subb,nnbbond,stubborn
stiletto,stelitt,ssalltte,satellite
concentration,consernattioo,nnteeship,consternation
anarchy,anar,norrly,anarchy
denature,denater,iituor,denature
policy,pol,poll,poll
bronchial,bronnl,bbrolls,bronze
sardine,sarden,ardiness,tardiness
senate,sintt,snnie,since
communicative,commanatavive,mmnnification,communicative
pawnable,pann,pbage,page
sufferable,sufferable,sshable,sufferable
comemorative,comenataave,nmminative,nominative
convenient,convent,nven,convent
reconcilation,reconcllattoo,eessless,reconcilation
vicinage,vegene,iiveisinge,vengeance
bicarbonate,barragaa,bbnnate,barnacle
arbiter,arbat,habey,harbor
alterant,oltenn,nrient,orient
foreword,foreth,orodd,foreword
simile,simel,mmny,timely
cognitive,nonitv,ontative,cognitive
revelation,reveliton,eefllation,revelation
orphanage,oseeng,ffage,offense
struggle,stragg,sttloe,strange
snobbishness,snubboss,oubsububulness,stubbornness
catechism,cateromi,acatarism,cauterism
edible,edil,ndable,edible
central,central,nttrlity,neutrality
tiara,tarr,ttrrate,terrace
cosmic,cosmm,cocmonic,cosmic
sentiment,sentam,nnmenm,sentiment
iron,ween,in,wren
trepidation,trepittoo,eeppeition,repetition
warlike,wall,illy,ally
exultant,exuln,stestant,sextant
aggress,ag,ay,ray
pin,pen,pan,pen
adhere,ad,ded,dead
propotional,propost,ppeitional,propotional
cram,cram,ramm,cram
reclaim,regrin,rreremm,reverend
criticise,cretisio,rruttuue,scrutinize
lack,lak,lak,lack
spartan,spann,staan,stain
leakage,lecgag,lickage,leakage
patriot,patron,pocoard,popcorn
ineffectiveness,ineffictioe,incinfentinn,ineffective
fractional,fractin,fficlless,fraction
consular,consllet,nniculor,consular
nut,net,ntt,net
impurity,imporn,mmoliey,importer
laud,lod,lodd,load
repiningly,repanin,pporinlly,repiningly
herewith,herten,tten,hearten
withstand,witentnn,nnitten,written
sauciness,son,sen,son
sonnet,son,annt,sonnet
delete,delet,lalet,valet
robin,rob,oobon,robin
portend,port,ppatend,portend
gentility,gentll,nnolity,gentility
pledge,pledg,llage,pledge
incomplete,incomp,imppale,incomplete
repugnant,reprngan,rrpp,reprimand
insurgent,insern,insiigent,insurgent
dioxide,dese,dice,dice
sorrowful,sorrff,orrful,sorrowful
invite,invere,invy,invert
falter,fart,fotter,falter
millstone,milisto,lliiness,silkiness
roomy,rom,ammy,roomy
thousandth,thoosh,atteitic,atheistic
cologne,collnn,llon,colon
papist,papa,ppass,pass
decisive,desatt,ddssise,desist
vacillate,vasillt,vissilate,vacillate
exploration,explinito,eppliration,explanation
fell,fel,ffal,fell
salmon,sammn,amaman,seaman
innoculation,inallititon,nniculation,innoculation
personable,persuatatit,pprriiable,permutable
sized,sise,szard,sized
alas,alis,lase,alas
bombast,bumbo,mmssiop,submission
potter,pot,parter,porter
extant,esten,srant,stunt
icecream,isermm,sstrum,serum
codify,cadife,ncestive,captive
inflammable,inflemabbee,nnelmable,inflammable
nationalize,nataolil,nntiolalize,nationalize
glossiness,gliss,ggliness,ugliness
meritorious,mottoo,mottorous,monotonous
remedy,remed,ronder,render
jib,jib,ob,jib
vintage,vengag,ventage,vintage
sightless,satele,attle,rattle
scraper,scrap,capper,scraper
humiliation,himilitioo,nneemmenship,chairmanship
mummery,momm,mmnery,mummery
ramshackle,ramaal,rraphical,graphical
attainment,attemm,tam,team
flippant,flem,llgent,fluent
apportion,apposiio,ppitation,apposition
deference,defermnn,eerance,deference
international,interittion,innition,intuition
arise,arrss,rorize,arise
casual,castl,qssute,caste
subaltern,subttnn,ssttness,smartness
anonymous,anan,non,canon
fortunate,forgtt,ffiiate,frigate
aboriginal,abroga,bbrdage,abrogate
assumption,assimstoo,ssmmnsion,assumption
copper,copp,ooper,copper
qualification,callifitition,coonification,calorification
prescriptive,pressrintivv,prrocestivl,prescriptive
superlative,supervatil,aplitative,superlative
timothy,temat,mmity,demit
lessened,lese,llicent,license
commissionaire,commessinn,omminate,commission
slim,slem,lmm,slim
disport,dispert,dipoper,dipper
receivership,resersirioo,eelession,reversion
injure,injer,nure,injure
filigree,felgg,llag,flag
younger,uonn,ngey,sonnet
spread,spredd,prid,spread
refugee,refun,peffagy,refuge
manage,mang,meage,manage
fumigate,fomige,llggate,fumigate
compulsorily,complesin,ocmppllary,complexity
hue,ho,oe,hoe
conflagration,conflegattio,nnoranle,conflagration
rectangular,rectanaall,rreeicicnle,rectifiable
discovery,discove,didisseivy,dissolve
prefer,preve,prrivy,prove
orifice,orivin,eevise,revise
clarinet,clann,llmatet,platen
gateway,gate,gatty,gate
nose,no,ose,nose
respond,respen,reepent,reopen
barrel,barrl,bbrell,barrel
barbarism,barbbonn,bborosism,babylonian
conclusive,concoivivve,cuntive,concoctive
autobiographer,ortoraahl,ibiblrator,perforator
pragmatism,pragan,prmggate,propagate
teach,tang,tage,tang
chalk,chak,pock,cook
disturb,distabb,disseitable,disputable
vender,vent,vvender,vender
hog,hog,rag,hog
mutilation,matili,mieelration,migration
carbonaceous,carbonanio,oppatious,carbonaceous
dog,dog,ag,dog
nudge,gadg,uage,gage
clergywoman,cleeginn,llenean,collegian
tantalize,tantall,eedalize,tantalize
pensiveness,pensiv,roven,pensive
protuberant,prrtabble,porentable,portable
provocation,provicitio,porfication,purification
unimpeded,unemp,nippted,unimpeded
causeless,cassel,nnttonalist,nationalist
curl,corn,crrel,core
inharmonious,inernmn,nnminious,ingenious
transubstantiate,transmisttiio,sseestitite,transubstantiate
biliteral,belittrr,blnnlless,belittle
ratifier,ratife,rinier,ratifier
often,ofern,fon,fern
reopen,rom,rrbon,robin
vestryman,vestrmm,ieeititine,overestimate
remunerable,remanabble,rreecnitable,retainable
plug,plug,llug,plug
hatrack,hatrak,atoric,hatrack
preparation,preporttoo,ppestion,proportion
solace,solis,slace,solace
limpidity,limpedt,mmidity,limpidity
precedence,presentt,prssndance,presence
dreaded,dread,ddeiter,dreaded
turbulent,turbulnn,ttallent,turbulent
tab,tab,able,table
stunt,stand,stound,stand
pasturage,pastang,pprttirage,pasturage
preventible,preventatite,preenntion,presentation
anything,nerl,ing,inert
deny,den,aa,den
ambuscade,ambusso,mobcoric,ambrosia
frisky,fresti,rocney,frosty
convey,conv,ovvy,convey
angler,anll,nnler,angler
diligence,delege,illeage,allege
whoop,hos,hop,hop
rough,roug,ful,foul
canine,cane,anna,cane
unexampled,unapp,sstmmpped,snapper
inexorability,inaalabbliityy,nnieeisability,inexorability
overcharge,overgg,erge,verge
title,tat,tte,taste
vanilla,vanall,vviilate,vacillate
demobilize,demalilit,ieebalize,demobilize
cantata,cantaga,canttate,cantata
universalist,uneverse,nneevist,universe
unwise,unees,nnfus,unrest
harness,harn,hrrish,harsh
alleviation,allivition,llvation,alleviation
brawny,bronn,ronny,brown
wise,wis,sise,wise
these,tees,ouss,less
contaminative,contamatative,nnmimative,contaminative
inroad,unredd,onoode,untrodden
museum,muss,smemm,museum
appropriable,appropaabble,ppirable,appropriable
election,elestinn,llation,elation
pain,pan,pan,pain
socialist,soss,shist,swiss
bedraggle,bedogg,ppdagae,pedagog
fief,fer,fiff,fief
federal,fedell,frrdal,feudal
log,log,oug,log
consolidate,consllatt,colled,collect
heirloom,aerol,aeereliss,materialist
blind,blan,land,land
necromancy,necramaa,nnorancy,necromancy
aeration,arration,aeration,aeration
schedule,scandll,jandll,scandal
vote,volt,ent,volt
pomposity,pompat,ppmocity,pomposity
grievance,grivven,reverance,reverence
atlas,atles,talist,fatalist
hood,woed,ord,word
shanty,shand,caader,slander
formation,folmssi,fmmntion,formation
cementation,seminttio,ssnnmntation,cementation
rehearse,reele,rrerse,reverse
ease,est,euse,ease
accost,accos,oase,accost
illustration,illss,allous,callous
grapple,grap,halees,hapless
caloricity,callcatiip,llrosity,malliability
mathematician,mattamatitii,mmtitition,mittigation
dual,dol,ddeell,droll
canada,canan,ntan,canton
throughout,throu,ttrutt,thrust
circuitous,circumsutt,ssttious,circuitous
spectacle,spectall,pponical,special
collectiveness,collecton,llnees,collector
navigate,navin,iggane,ravine
jailer,jal,llar,jar
would,det,dae,duet
regenerate,regen,rrvin,raven
futility,futtle,ffitality,futility
prod,prod,rodd,prod
voiceful,volctff,jastful,vauntful
frugal,frog,rag,frog
cook,con,cock,cook
prospective,prospestivv,pporification,purification
southwest,suut,siise,suite
rapacity,rapatio,pority,rapacity
steady,stadd,seidy,steady
tendon,tent,tten,tent
administrative,admnnitativiv,mmnniticative,administrative
oracle,oreel,rricle,oracle
courtly,cott,conty,county
statesmanship,stetatiip,ssttnntion,ostentation
abaft,agen,bost,agent
mountain,monnt,mitent,moment
moisten,miss,mmsslness,mustiness
gallon,gal,llon,gallon
ammonia,amin,mmnnly,amusingly
ultraism,untres,neerime,untried
wan,wan,in,wan
masterpiece,masserp,mmappiiss,massiveness
telegraph,telegaa,llally,telegraphy
crew,cror,roe,crow
designedly,disinn,eetinally,destination
adamantine,adenit,eeiteen,dentition
presumedly,prosumt,preminnedly,presumedly
undercharge,undercaage,beage,undercharge
glean,glen,llinish,glen
overtime,overten,ieetate,operate
drab,drab,drble,durable
whet,whee,hat,whet
joke,joc,onk,monk
vilify,vills,valify,vilify
compare,comple,ooper,cooper
implacability,implecaabalitity,mmppeisibility,impregnability
clip,clap,lap,clap
immoral,immar,mmrral,immoral
effect,fon,fonk,fond
imprison,impresenn,iippreness,simpleness
strict,strang,sseetroce,strong
scrupulous,scrop,scrrup,scrap
item,aten,tam,item
tormentor,torman,eimntor,tormentor
gobble,gob,gab,grab
genealogy,generig,nogiogy,genealogy
obstinacy,obustiviee,ubbsserdancy,observance
flank,flan,lang,flank
hygiene,hig,gagagian,xanthian
probate,probat,pobit,probate
intractable,intractible,nntrection,intractile
deputation,depotitoo,ddspication,deputation
key,ke,ocky,jockey
squire,squar,ssuure,square
julep,jull,lop,lull
blare,blern,bller,bleed
elision,eleston,pllsioh,elision
representative,reprepentive,prerective,preventive
scoff,scof,sucful,scoff
